city_fips,cbsa_fips,City,State,st_fips,pop_2010,Population,lon,lat,Name,id
4549075,34820,Myrtle Beach,South Carolina,45,27109,536165,-78.88430737,33.70960121,"Myrtle Beach, South Carolina",0
2147476,30940,London,Kentucky,21,7993,149462,-84.08040255,37.12093792,"London, Kentucky",1
4221872,20700,East Stroudsburg,Pennsylvania,42,9840,167198,-75.17787757,41.00228075,"East Stroudsburg, Pennsylvania",2
1233250,34940,Immokalee,Florida,12,24154,397994,-81.42512312,26.42529866,"Immokalee, Florida",3
4530850,24860,Greenville,South Carolina,45,58409,958958,-82.364848,34.83617312,"Greenville, South Carolina",4
1249675,35840,North Port,Florida,12,57357,891411,-82.19759754,27.0576743,"North Port, Florida",5
1245000,33100,Miami,Florida,12,399457,6139340,-80.21017417,25.78391824,"Miami, Florida",6
662000,40140,Riverside,California,6,303871,4667558,-117.394838,33.93812489,"Riverside, California",7
1304000,12060,Atlanta,Georgia,13,420003,6222106,-84.42256331,33.76261514,"Atlanta, Georgia",8
2469925,41540,Salisbury,Maryland,24,30343,439032,-75.58671682,38.37553496,"Salisbury, Maryland",9
1215475,18880,Crestview,Florida,12,20978,299786,-86.57835356,30.74805961,"Crestview, Florida",10
4228960,23900,Gettysburg,Pennsylvania,42,7620,106027,-77.23388374,39.83036247,"Gettysburg, Pennsylvania",11
2657760,35660,Niles,Michigan,26,11600,152900,-86.24729747,41.83462869,"Niles, Michigan",12
4232800,25420,Harrisburg,Pennsylvania,42,49528,603493,-76.88425058,40.27523187,"Harrisburg, Pennsylvania",13
1259200,39460,Punta Gorda,Florida,12,16641,202661,-82.05161124,26.89337432,"Punta Gorda, Florida",14
1232400,26140,Homosassa Springs,Florida,12,13791,162529,-82.53914189,28.81181011,"Homosassa Springs, Florida",15
1253000,36740,Orlando,Florida,12,238300,2764182,-81.33676406,28.47710555,"Orlando, Florida",16
119648,19300,Daphne,Alabama,1,21570,246435,-87.88661573,30.62858953,"Daphne, Alabama",17
2680340,45900,Traverse City,Michigan,26,14674,155813,-85.60350615,44.75471374,"Traverse City, Michigan",18
1150000,47900,Washington,District of Columbia,11,601723,6373756,-77.01626662,38.90469545,"Washington, District of Columbia",19
4287048,49620,York,Pennsylvania,42,43718,461058,-76.73150071,39.9650958,"York, Pennsylvania",20
466470,43320,Show Low,Arizona,4,10660,108650,-110.0383788,34.26708688,"Show Low, Arizona",21
1255925,37860,Pensacola,Florida,12,51923,523146,-87.18862557,30.44270631,"Pensacola, Florida",22
1264875,42700,Sebring,Florida,12,10491,105618,-81.45297883,27.47694707,"Sebring, Florida",23
5408524,14140,Bluefield,West Virginia,54,10447,104669,-81.21429264,37.26076333,"Bluefield, West Virginia",24
4262432,39060,Pottsville,Pennsylvania,42,14324,143104,-76.20917163,40.67984167,"Pottsville, Pennsylvania",25
1271000,45300,Tampa,Florida,12,335709,3290730,-82.44533997,27.99401996,"Tampa, Florida",26
937000,25540,Hartford,Connecticut,9,124775,1221725,-72.68341807,41.76605516,"Hartford, Connecticut",27
2412150,15680,California,Maryland,24,11857,114877,-76.49494916,38.29685959,"California, Maryland",28
3654485,36300,Ogdensburg,New York,36,11128,107733,-75.47172617,44.70883872,"Ogdensburg, New York",29
2743000,33460,Minneapolis,Minnesota,27,382578,3693729,-93.26782012,44.96346695,"Minneapolis, Minnesota",30
4459000,39300,Providence,Rhode Island,44,178042,1673802,-71.41868563,41.82300866,"Providence, Rhode Island",31
4241216,29540,Lancaster,Pennsylvania,42,59322,556629,-76.30115803,40.04200174,"Lancaster, Pennsylvania",32
4568290,43900,Spartanburg,South Carolina,45,37013,345831,-81.92564941,34.94370876,"Spartanburg, South Carolina",33
3601000,10580,Albany,New York,36,97856,904617,-73.79864407,42.66636927,"Albany, New York",34
3731060,25860,Hickory,North Carolina,37,40010,368347,-81.3230094,35.7425611,"Hickory, North Carolina",35
2965000,41180,St. Louis,Missouri,29,319294,2801319,-90.24514662,38.63576308,"St. Louis, Missouri",36
4955980,36260,Ogden,Utah,49,82825,713839,-111.9677304,41.22801123,"Ogden, Utah",37
3629333,24020,Glens Falls,New York,36,14700,126440,-73.64585952,43.31091235,"Glens Falls, New York",38
2360545,38860,Portland,Maine,23,66194,561576,-70.27151069,43.67727353,"Portland, Maine",39
1217200,19660,Deltona,Florida,12,85182,705897,-81.21362352,28.90496671,"Deltona, Florida",40
3969834,41400,Salem,Ohio,39,12303,100511,-80.84906987,40.90493754,"Salem, Ohio",41
1238250,29460,Lakeland,Florida,12,97422,787404,-81.95457076,28.05558407,"Lakeland, Florida",42
3751940,38240,Pinehurst,North Carolina,37,13124,105531,-79.46823698,35.19222378,"Pinehurst, North Carolina",43
3988000,49660,Youngstown,Ohio,39,66982,535499,-80.64633557,41.09931221,"Youngstown, Ohio",44
2507000,14460,Boston,Massachusetts,25,617594,4900550,-71.08463279,42.31878296,"Boston, Massachusetts",45
523290,22220,Fayetteville,Arkansas,5,73580,576403,-94.16596612,36.07131271,"Fayetteville, Arkansas",46
4212536,16540,Chambersburg,Pennsylvania,42,20268,156902,-77.65560166,39.93147348,"Chambersburg, Pennsylvania",47
4261000,38300,Pittsburgh,Pennsylvania,42,305704,2349172,-79.97626702,40.43961404,"Pittsburgh, Pennsylvania",48
1264825,42680,Sebastian,Florida,12,21929,167352,-80.48152732,27.78830041,"Sebastian, Florida",49
3639727,28740,Kingston,New York,36,23893,182319,-73.99676582,41.92948915,"Kingston, New York",50
3915000,17140,Cincinnati,Ohio,39,296943,2265051,-84.50595021,39.14122708,"Cincinnati, Ohio",51
2436075,25180,Hagerstown,Maryland,24,39662,302510,-77.72169746,39.64014602,"Hagerstown, Maryland",52
2655020,33780,Monroe,Michigan,26,20733,155609,-83.38495627,41.91541585,"Monroe, Michigan",53
4269000,42540,Scranton,Pennsylvania,42,76089,567998,-75.6648973,41.40435932,"Scranton, Pennsylvania",54
1311560,15260,Brunswick,Georgia,13,15383,114442,-81.47398512,31.14500481,"Brunswick, Georgia",55
4202000,10900,Allentown,Pennsylvania,42,118032,871229,-75.47554973,40.59611706,"Allentown, Pennsylvania",56
5307695,14740,Bremerton,Washington,53,37729,277673,-122.7121894,47.54357992,"Bremerton, Washington",57
5586925,48580,Whitewater,Wisconsin,55,14390,105380,-88.73403989,42.83718608,"Whitewater, Wisconsin",58
5439460,26580,Huntington,West Virginia,54,49138,354304,-82.43438569,38.41090248,"Huntington, West Virginia",59
1250750,36100,Ocala,Florida,12,56315,396415,-82.15114643,29.17802476,"Ocala, Florida",60
3402080,12100,Atlantic City,New Jersey,34,39558,275638,-74.45268342,39.37968107,"Atlantic City, New Jersey",61
4513330,16700,Charleston,South Carolina,45,120083,830529,-79.96315069,32.81496986,"Charleston, South Carolina",62
2232755,25220,Hammond,Louisiana,22,20019,137048,-90.45627534,30.50611215,"Hammond, Louisiana",63
4845384,32580,McAllen,Texas,48,129877,888367,-98.24714667,26.22710356,"McAllen, Texas",64
4967000,41620,Salt Lake City,Utah,49,186440,1266191,-111.9300416,40.7774064,"Salt Lake City, Utah",65
952000,35300,New Haven,Connecticut,9,129779,869527,-72.92455091,41.31121469,"New Haven, Connecticut",66
908000,14860,Bridgeport,Connecticut,9,144229,962946,-73.19534681,41.19177158,"Bridgeport, Connecticut",67
956200,35980,Norwich,Connecticut,9,40493,268681,-72.08824983,41.54947392,"Norwich, Connecticut",68
4819000,19100,Dallas,Texas,48,1197816,7943685,-96.76637496,32.79338879,"Dallas, Texas",69
5363000,42660,Seattle,Washington,53,608660,4034248,-122.3243513,47.62097546,"Seattle, Washington",70
2302100,12300,Augusta,Maine,23,19136,125540,-69.73187666,44.33409824,"Augusta, Maine",71
5167000,40060,Richmond,Virginia,51,204214,1339182,-77.47555109,37.52944367,"Richmond, Virginia",72
4516000,17900,Columbia,South Carolina,45,129272,847686,-80.90370395,34.03762451,"Columbia, South Carolina",73
4739560,28700,Kingsport,Tennessee,47,48205,311272,-82.54519205,36.52240287,"Kingsport, Tennessee",74
5351300,36500,Olympia,Washington,53,46478,298758,-122.8958953,47.04170902,"Olympia, Washington",75
5405332,13220,Beckley,West Virginia,54,17614,112369,-81.1840429,37.78774451,"Beckley, West Virginia",76
4962470,39340,Provo,Utah,49,112488,715001,-111.6457412,40.24573849,"Provo, Utah",77
680588,46020,Truckee,California,6,16180,102293,-120.1848547,39.34546246,"Truckee, California",78
1331908,23580,Gainesville,Georgia,13,33804,212692,-83.83026472,34.29017719,"Gainesville, Georgia",79
4238288,27780,Johnstown,Pennsylvania,42,20978,131441,-78.91934963,40.32576028,"Johnstown, Pennsylvania",80
668154,42020,San Luis Obispo,California,6,45119,282013,-120.6689097,35.26704338,"San Luis Obispo, California",81
1522700,27980,Kahului,Hawaii,15,26337,164351,-156.4602808,20.87151663,"Kahului, Hawaii",82
2829700,25060,Gulfport,Mississippi,28,67793,420782,-89.07034898,30.42702586,"Gulfport, Mississippi",83
457380,39140,Prescott,Arizona,4,39843,246191,-112.4475308,34.58493386,"Prescott, Arizona",84
4534045,25940,Hilton Head Island,South Carolina,45,37099,228410,-80.74989953,32.18956695,"Hilton Head Island, South Carolina",85
1254000,37340,Palm Bay,Florida,12,103190,630693,-80.66275821,27.95492966,"Palm Bay, Florida",86
2622000,19820,Detroit,Michigan,26,713777,4345761,-83.10238117,42.38338887,"Detroit, Michigan",87
2236255,26380,Houma,Louisiana,22,33727,200656,-90.70578447,29.57992768,"Houma, Louisiana",88
4775320,46100,Tullahoma,Tennessee,47,18655,110412,-86.21727631,35.37207621,"Tullahoma, Tennessee",89
2634000,24340,Grand Rapids,Michigan,26,188040,1094198,-85.65568989,42.96148128,"Grand Rapids, Michigan",90
5485156,48260,Weirton,West Virginia,54,19746,114235,-80.56708667,40.4060413,"Weirton, West Virginia",91
3921000,19380,Dayton,Ohio,39,141527,812595,-84.1998479,39.77968857,"Dayton, Ohio",92
3702140,11700,Asheville,North Carolina,37,83393,476072,-82.55367015,35.57038545,"Asheville, North Carolina",93
667000,41860,San Francisco,California,6,805235,4579599,-122.4430541,37.75616239,"San Francisco, California",94
4242168,30140,Lebanon,Pennsylvania,42,25477,144011,-76.42279097,40.34119408,"Lebanon, Pennsylvania",95
3040075,28060,Kalispell,Montana,30,19927,111814,-114.3261328,48.21557208,"Kalispell, Montana",96
5186720,49020,Winchester,Virginia,51,26203,146455,-78.17461449,39.17350625,"Winchester, Virginia",97
2124274,21060,Elizabethtown,Kentucky,21,28531,157026,-85.87688993,37.70301469,"Elizabethtown, Kentucky",98
3912000,15940,Canton,Ohio,39,73007,399316,-81.36777455,40.80761551,"Canton, Ohio",99
3739700,31300,Lumberton,North Carolina,37,21542,116663,-79.01865294,34.63114421,"Lumberton, North Carolina",100
2582000,49340,Worcester,Massachusetts,25,181045,980137,-71.80794009,42.27051601,"Worcester, Massachusetts",101
4525810,22500,Florence,South Carolina,45,37056,199119,-79.78715153,34.17818045,"Florence, South Carolina",102
5010675,15540,Burlington,Vermont,50,42417,227521,-73.23138048,44.48767415,"Burlington, Vermont",103
5175216,44420,Staunton,Virginia,51,23746,126776,-79.06113889,38.15928764,"Staunton, Virginia",104
1210275,15980,Cape Coral,Florida,12,154305,822453,-81.99552907,26.64436072,"Cape Coral, Florida",105
4163650,40700,Roseburg,Oregon,41,21181,112297,-123.3517628,43.22321942,"Roseburg, Oregon",106
107000,13820,Birmingham,Alabama,1,212237,1116857,-86.79876142,33.52764673,"Birmingham, Alabama",107
3916000,17460,Cleveland,Ohio,39,396815,2063132,-81.68056192,41.47668452,"Cleveland, Ohio",108
1021200,20100,Dover,Delaware,10,36047,186946,-75.52024446,39.16103723,"Dover, Delaware",109
664000,40900,Sacramento,California,6,466488,2416702,-121.4682846,38.56660017,"Sacramento, California",110
3606607,13780,Binghamton,New York,36,47376,244889,-75.90926767,42.1013964,"Binghamton, New York",111
5114968,16820,Charlottesville,Virginia,51,43475,223825,-78.48551854,38.03748724,"Charlottesville, Virginia",112
2503690,12700,Barnstable Town,Massachusetts,25,45193,232457,-70.3599749,41.6721825,"Barnstable Town, Massachusetts",113
3663000,40380,Rochester,New York,36,210565,1081152,-77.61625401,43.16800649,"Rochester, New York",114
1711163,16060,Carbondale,Illinois,17,25902,132693,-89.2238108,37.72198874,"Carbondale, Illinois",115
976500,45860,Torrington,Connecticut,9,36383,186116,-73.12815487,41.83492524,"Torrington, Connecticut",116
4740000,28940,Knoxville,Tennessee,47,178874,907968,-83.94968635,35.96919944,"Knoxville, Tennessee",117
1254700,37460,Panama City,Florida,12,36484,185134,-85.60043797,30.19953268,"Panama City, Florida",118
4750280,34100,Morristown,Tennessee,47,29137,146172,-83.30052504,36.20464851,"Morristown, Tennessee",119
101852,11500,Anniston,Alabama,1,23106,115788,-85.81361846,33.67126876,"Anniston, Alabama",120
820000,19740,Denver,Colorado,8,600158,2985871,-104.8762494,39.76208631,"Denver, Colorado",121
5347245,34180,Moses Lake,Washington,53,20366,101311,-119.274065,47.12842122,"Moses Lake, Washington",122
623042,21700,Eureka,California,6,27191,135010,-124.1568355,40.79413526,"Eureka, California",123
3761200,43140,Shelby,North Carolina,37,20323,100670,-81.54510114,35.29038141,"Shelby, North Carolina",124
5414600,16620,Charleston,West Virginia,54,51400,251914,-81.63224749,38.3484284,"Charleston, West Virginia",125
4263624,39740,Reading,Pennsylvania,42,88082,430449,-75.92667955,40.33999517,"Reading, Pennsylvania",126
2938000,28140,Kansas City,Missouri,29,459787,2209494,-94.55388536,39.12334135,"Kansas City, Missouri",127
5486452,48540,Wheeling,West Virginia,54,28486,136708,-80.6950631,40.07511965,"Wheeling, West Virginia",128
2641420,27100,Jackson,Michigan,26,33534,160066,-84.40374683,42.24311703,"Jackson, Michigan",129
1514650,25900,Hilo,Hawaii,15,43263,206315,-155.0863881,19.68857439,"Hilo, Hawaii",130
5455756,34060,Morgantown,West Virginia,54,29660,141041,-79.94680374,39.63794133,"Morgantown, West Virginia",131
2646000,29620,Lansing,Michigan,26,114297,540870,-84.56008856,42.71418396,"Lansing, Michigan",132
2874840,46180,Tupelo,Mississippi,28,34546,163043,-88.73183099,34.26912528,"Tupelo, Mississippi",133
2302795,12620,Bangor,Maine,23,33039,153704,-68.79061161,44.83223877,"Bangor, Maine",134
3676540,46540,Utica,New York,36,62235,288668,-75.22604588,43.09609318,"Utica, New York",135
2656320,34740,Muskegon,Michigan,26,38401,176565,-86.25624197,43.22813519,"Muskegon, Michigan",136
2404000,12580,Baltimore,Maryland,24,620961,2835672,-76.6144219,39.30504454,"Baltimore, Maryland",137
2567000,44140,Springfield,Massachusetts,25,153060,694523,-72.53953417,42.11549175,"Springfield, Massachusetts",138
3673000,45060,Syracuse,New York,36,145170,653633,-76.14378724,43.04088788,"Syracuse, New York",139
3474000,45940,Trenton,New Jersey,34,84913,380688,-74.76405894,40.22364018,"Trenton, New Jersey",140
3986548,49300,Wooster,Ohio,39,26119,116559,-81.933384,40.81657681,"Wooster, Ohio",141
669196,42200,Santa Maria,California,6,99553,443837,-120.4431676,34.9333182,"Santa Maria, California",142
3611000,15380,Buffalo,New York,36,261310,1161192,-78.84872743,42.90162028,"Buffalo, New York",143
669112,42100,Santa Cruz,California,6,59946,264370,-122.0345802,36.97887721,"Santa Cruz, California",144
1321380,19140,Dalton,Georgia,13,33128,143604,-84.97120059,34.76906209,"Dalton, Georgia",145
3678608,48060,Watertown,New York,36,27023,116637,-75.90947021,43.97337334,"Watertown, New York",146
4159000,38900,Portland,Oregon,41,583776,2509489,-122.6499622,45.53711383,"Portland, Oregon",147
5584475,48140,Wausau,Wisconsin,55,39106,166334,-89.64568237,44.96153159,"Wausau, Wisconsin",148
5335275,28420,Kennewick,Washington,53,73917,311469,-119.1731772,46.19786643,"Kennewick, Washington",149
654652,37100,Oxnard,California,6,197899,832605,-119.1819246,34.19622774,"Oxnard, California",150
439370,29420,Lake Havasu City,Arizona,4,52527,220816,-114.3112772,34.50056071,"Lake Havasu City, Arizona",151
621782,20940,El Centro,California,6,42598,178713,-115.5586383,32.78674275,"El Centro, California",152
1616750,17660,Coeur d'Alene,Idaho,16,44137,183578,-116.7932558,47.70396001,"Coeur d'Alene, Idaho",153
2251410,33740,Monroe,Louisiana,22,48815,202869,-92.07746585,32.51829976,"Monroe, Louisiana",154
3746340,35100,New Bern,North Carolina,37,29524,122488,-77.07221372,35.09544025,"New Bern, North Carolina",155
5347560,34580,Mount Vernon,Washington,53,31743,131179,-122.3115526,48.42019596,"Mount Vernon, Washington",156
5182000,47260,Virginia Beach,Virginia,51,437994,1806840,-76.04330084,36.73322787,"Virginia Beach, Virginia",157
4260000,37980,Philadelphia,Pennsylvania,42,1526006,6241164,-75.13404727,40.00758797,"Philadelphia, Pennsylvania",158
1820728,21140,Elkhart,Indiana,18,50949,206890,-85.96200089,41.69114284,"Elkhart, Indiana",159
3638264,27460,Jamestown,New York,36,31146,126027,-79.23664839,42.09748861,"Jamestown, New York",160
4872368,45500,Texarkana,Texas,48,36411,146408,-94.08144481,33.44865643,"Texarkana, Texas",161
2240735,29180,Lafayette,Louisiana,22,120623,481125,-92.03232594,30.20838632,"Lafayette, Louisiana",162
3240000,29820,Las Vegas,Nevada,32,583756,2322985,-115.2653241,36.23322829,"Las Vegas, Nevada",163
1608830,14260,Boise City,Idaho,16,205671,811336,-116.2311433,43.60068478,"Boise City, Idaho",164
2629000,22420,Flint,Michigan,26,102434,401983,-83.69216923,43.02352675,"Flint, Michigan",165
541000,30780,Little Rock,Arkansas,5,193524,757615,-92.35794602,34.7255075,"Little Rock, Arkansas",166
126896,22520,Florence,Alabama,1,39319,153911,-87.66540497,34.83026449,"Florence, Alabama",167
3345140,31700,Manchester,New Hampshire,33,109565,426594,-71.44470348,42.98477197,"Manchester, New Hampshire",168
5107784,13980,Blacksburg,Virginia,51,42620,165812,-80.42786033,37.22998561,"Blacksburg, Virginia",169
5377105,48300,Wenatchee,Washington,53,31925,124118,-120.3286347,47.43380111,"Wenatchee, Washington",170
4839148,28660,Killeen,Texas,48,127921,496228,-97.72971046,31.07545876,"Killeen, Texas",171
681666,46700,Vallejo,California,6,115942,448747,-122.2359016,38.1133279,"Vallejo, California",172
4716920,18260,Cookeville,Tennessee,47,30435,117415,-85.51137089,36.14842522,"Cookeville, Tennessee",173
1738934,28100,Kankakee,Illinois,17,27537,106074,-87.86432414,41.1020159,"Kankakee, Illinois",174
4285312,48700,Williamsport,Pennsylvania,42,29381,113104,-77.03713827,41.239772,"Williamsport, Pennsylvania",175
682954,47300,Visalia,California,6,124442,477544,-119.3269315,36.32764245,"Visalia, California",176
1919000,19340,Davenport,Iowa,19,99685,379374,-90.6052399,41.55628164,"Davenport, Iowa",177
2205000,12940,Baton Rouge,Louisiana,22,229493,873060,-91.13103323,30.44180874,"Baton Rouge, Louisiana",178
832155,24540,Greeley,Colorado,8,92889,350176,-104.7705429,40.41516016,"Greeley, Colorado",179
2831020,25620,Hattiesburg,Mississippi,28,45989,173359,-89.31696938,31.30735978,"Hattiesburg, Mississippi",180
4273808,44300,State College,Pennsylvania,42,42034,158425,-77.85679059,40.79095464,"State College, Pennsylvania",181
3712000,16740,Charlotte,North Carolina,37,731424,2756069,-80.8304509,35.2076745,"Charlotte, North Carolina",182
4867496,43300,Sherman,Texas,48,38521,143131,-96.61949609,33.62649999,"Sherman, Texas",183
3755000,39580,Raleigh,North Carolina,37,403892,1484338,-78.64379531,35.83232398,"Raleigh, North Carolina",184
646898,32900,Merced,California,6,78958,290014,-120.4778719,37.30570221,"Merced, California",185
2937592,27900,Joplin,Missouri,29,50150,184086,-94.50059139,37.07587519,"Joplin, Missouri",186
2638640,26090,Holland,Michigan,26,33051,121210,-86.09844481,42.76772676,"Holland, Michigan",187
2670520,40980,Saginaw,Michigan,26,51508,188330,-83.95007412,43.41989252,"Saginaw, Michigan",188
3314200,18180,Concord,New Hampshire,33,42695,156020,-71.55952881,43.23052387,"Concord, New Hampshire",189
2255000,35380,New Orleans,Louisiana,22,343829,1246176,-89.92901228,30.06863571,"New Orleans, Louisiana",190
4843888,30980,Longview,Texas,48,80455,291219,-94.76216117,32.51921328,"Longview, Texas",191
1921000,19780,Des Moines,Iowa,19,203433,729053,-93.61049335,41.57245354,"Des Moines, Iowa",192
1848798,33140,Michigan City,Indiana,18,31479,111675,-86.87052807,41.7098187,"Michigan City, Indiana",193
3709060,15500,Burlington,North Carolina,37,49963,176353,-79.46876609,36.07619907,"Burlington, North Carolina",194
1344340,29300,LaGrange,Georgia,13,29588,104279,-85.03838629,33.02741363,"LaGrange, Georgia",195
2642160,28020,Kalamazoo,Michigan,26,74262,261173,-85.58815484,42.27486836,"Kalamazoo, Michigan",196
3901000,10420,Akron,Ohio,39,199110,697627,-81.52188382,41.07978704,"Akron, Ohio",197
1714000,16980,Chicago,Illinois,17,2695598,9441957,-87.68590657,41.83705825,"Chicago, Illinois",198
4835000,26420,Houston,Texas,48,2099451,7340118,-95.3905629,29.7865324,"Houston, Texas",199
3638077,27060,Ithaca,New York,36,30014,104777,-76.50318346,42.44415571,"Ithaca, New York",200
2937000,27620,Jefferson City,Missouri,29,43079,150350,-92.17590939,38.56764263,"Jefferson City, Missouri",201
5147672,31340,Lynchburg,Virginia,51,75568,263613,-79.19085547,37.40025567,"Lynchburg, Virginia",202
2165226,40080,Richmond,Kentucky,21,31364,109231,-84.29255521,37.73057981,"Richmond, Kentucky",203
455000,38060,Phoenix,Arizona,4,1445632,5015678,-112.0890618,33.57150121,"Phoenix, Arizona",204
1759000,37900,Peoria,Illinois,17,115007,396466,-89.61553182,40.75204013,"Peoria, Illinois",205
4714000,16860,Chattanooga,Tennessee,47,167674,574507,-85.24878567,35.06567472,"Chattanooga, Tennessee",206
4752006,34980,Nashville-Davidson metropolitan government (balance),Tennessee,47,601222,2046828,-86.78419126,36.17129472,"Nashville-Davidson metropolitan government (balance), Tennessee",207
644000,31080,Los Angeles,California,6,3792621,12872322,-118.4064666,34.1134718,"Los Angeles, California",208
103076,12220,Auburn,Alabama,1,53380,180773,-85.48985117,32.60863059,"Auburn, Alabama",209
2717000,20260,Duluth,Minnesota,27,86265,291323,-92.13938447,46.7755632,"Duluth, Minnesota",210
1840788,29200,Lafayette,Indiana,18,67140,226452,-86.85930314,40.399031,"Lafayette, Indiana",211
5502375,11540,Appleton,Wisconsin,55,72623,244845,-88.38945488,44.27736407,"Appleton, Wisconsin",212
807850,14500,Boulder,Colorado,8,97385,327468,-105.2523375,40.02486002,"Boulder, Colorado",213
2836000,27140,Jackson,Mississippi,28,173514,583197,-90.21250491,32.31620623,"Jackson, Mississippi",214
3008950,14580,Bozeman,Montana,30,37280,124857,-111.0549268,45.68281439,"Bozeman, Montana",215
4570405,44940,Sumter,South Carolina,45,40524,134925,-80.39292937,33.93916653,"Sumter, South Carolina",216
4738320,27740,Johnson City,Tennessee,47,63152,210256,-82.38031111,36.34056824,"Johnson City, Tennessee",217
4807000,13140,Beaumont,Texas,48,118296,393575,-94.14509075,30.08488669,"Beaumont, Texas",218
5168000,40220,Roanoke,Virginia,51,97032,314340,-79.95804126,37.27847139,"Roanoke, Virginia",219
4945860,30860,Logan,Utah,49,48174,155362,-111.8419211,41.7400292,"Logan, Utah",220
3726880,24140,Goldsboro,North Carolina,37,36437,117286,-77.9719796,35.37773249,"Goldsboro, North Carolina",221
2603000,11460,Ann Arbor,Michigan,26,113934,366376,-83.73120287,42.27549064,"Ann Arbor, Michigan",222
1871000,43780,South Bend,Indiana,18,101168,323637,-86.26912832,41.67705724,"South Bend, Indiana",223
2108902,14540,Bowling Green,Kentucky,21,58067,185682,-86.43749449,36.97148782,"Bowling Green, Kentucky",224
1304204,12260,Augusta-Richmond County,Georgia,13,195844,624083,-82.07076872,33.36439668,"Augusta-Richmond County, Georgia",225
5531000,24580,Green Bay,Wisconsin,55,104057,330292,-87.98958128,44.51504932,"Green Bay, Wisconsin",226
1258715,38940,Port St. Lucie,Florida,12,164603,520710,-80.38835365,27.27956353,"Port St. Lucie, Florida",227
2200975,10780,Alexandria,Louisiana,22,47723,149189,-92.47014864,31.2922424,"Alexandria, Louisiana",228
4715400,17420,Cleveland,Tennessee,47,41285,128479,-84.87071894,35.18174133,"Cleveland, Tennessee",229
2338740,30340,Lewiston,Maine,23,36592,113023,-70.16806282,44.09143918,"Lewiston, Maine",230
1369000,42340,Savannah,Georgia,13,136286,418373,-81.17843836,32.0279862,"Savannah, Georgia",231
177256,46220,Tuscaloosa,Alabama,1,90468,277494,-87.52655333,33.23464618,"Tuscaloosa, Alabama",232
2756896,41060,St. Cloud,Minnesota,27,65842,201868,-94.17180752,45.53391743,"St. Cloud, Minnesota",233
4805000,12420,Austin,Texas,48,790390,2421115,-97.75172102,30.30038084,"Austin, Texas",234
5340245,31020,Longview,Washington,53,36648,111956,-122.9629608,46.14598145,"Longview, Washington",235
2970000,44180,Springfield,Missouri,29,159498,487061,-93.29151369,37.19426862,"Springfield, Missouri",236
1875428,45460,Terre Haute,Indiana,18,60785,184875,-87.37626062,39.46538841,"Terre Haute, Indiana",237
3775000,49180,Winston-Salem,North Carolina,37,229617,688471,-80.26100794,36.10287805,"Winston-Salem, North Carolina",238
1380508,47580,Warner Robins,Georgia,13,66588,198193,-83.65261715,32.5975019,"Warner Robins, Georgia",239
4815976,17780,College Station,Texas,48,93857,277824,-96.29596324,30.58522062,"College Station, Texas",240
4147000,32780,Medford,Oregon,41,74907,221644,-122.8536491,42.33718803,"Medford, Oregon",241
3734200,27340,Jacksonville,North Carolina,37,70145,207298,-77.39397885,34.72865362,"Jacksonville, North Carolina",242
1571550,46520,Urban Honolulu,Hawaii,15,337256,995638,-157.8459724,21.32934645,"Urban Honolulu, Hawaii",243
5548000,31540,Madison,Wisconsin,55,233209,687077,-89.39235566,43.08265628,"Madison, Wisconsin",244
2606020,13020,Bay City,Michigan,26,34932,102821,-83.88861166,43.59030616,"Bay City, Michigan",245
1639700,26820,Idaho Falls,Idaho,16,56813,165608,-112.0363071,43.48713903,"Idaho Falls, Idaho",246
3719000,20500,Durham,North Carolina,37,228330,664310,-78.90315097,35.97937006,"Durham, North Carolina",247
3728000,24660,Greensboro,North Carolina,37,269666,784101,-79.82680367,36.09559328,"Greensboro, North Carolina",248
2241155,29340,Lake Charles,Louisiana,22,71993,207320,-93.21416123,30.20222484,"Lake Charles, Louisiana",249
664224,41500,Salinas,California,6,150441,432858,-121.631737,36.68843779,"Salinas, California",250
670098,42220,Santa Rosa,California,6,167815,482650,-122.7066742,38.44584686,"Santa Rosa, California",251
524550,22900,Fort Smith,Arkansas,5,86209,247072,-94.36947026,35.34926715,"Fort Smith, Arkansas",252
466820,43420,Sierra Vista,Arizona,4,43888,125663,-110.3153905,31.56295279,"Sierra Vista, Arizona",253
5367000,44060,Spokane,Washington,53,208916,597919,-117.4330034,47.66705084,"Spokane, Washington",254
2553960,38340,Pittsfield,Massachusetts,25,44737,127859,-73.26052062,42.45169967,"Pittsfield, Massachusetts",255
137000,26620,Huntsville,Alabama,1,180105,514465,-86.6412082,34.69878395,"Huntsville, Alabama",256
5305280,13380,Bellingham,Washington,53,80885,230677,-122.4686839,48.75430611,"Bellingham, Washington",257
533400,26300,Hot Springs,Arkansas,5,35193,100089,-93.04976045,34.49019556,"Hot Springs, Arkansas",258
631960,25260,Hanford,California,6,53967,152981,-119.6544039,36.32634773,"Hanford, California",259
120104,19460,Decatur,Alabama,1,55683,157425,-86.99051218,34.57296982,"Decatur, Alabama",260
3774440,48900,Wilmington,North Carolina,37,106476,300658,-77.88599057,34.21004598,"Wilmington, North Carolina",261
5380010,49420,Yakima,Washington,53,91067,257001,-120.5495791,46.59233455,"Yakima, Washington",262
4164900,41420,Salem,Oregon,41,154637,436317,-123.0245207,44.92314675,"Salem, Oregon",263
1271625,45540,The Villages,Florida,12,51442,144970,-81.98881659,28.90206981,"The Villages, Florida",264
686972,49700,Yuba City,California,6,64925,182813,-121.6381276,39.13573918,"Yuba City, California",265
1225175,23540,Gainesville,Florida,12,124354,348282,-82.34574961,29.68038977,"Gainesville, Florida",266
128696,23460,Gadsden,Alabama,1,36856,103088,-86.01556787,34.00898708,"Gadsden, Alabama",267
5135624,25500,Harrisonburg,Virginia,51,48914,136555,-78.87345912,38.4361961,"Harrisonburg, Virginia",268
4737640,27180,Jackson,Tennessee,47,65211,181579,-88.83528371,35.6535143,"Jackson, Tennessee",269
1712385,16580,Champaign,Illinois,17,81055,223265,-88.2735406,40.11437764,"Champaign, Illinois",270
1378800,46660,Valdosta,Georgia,13,54518,149849,-83.27882013,30.85021782,"Valdosta, Georgia",271
3918000,18140,Columbus,Ohio,39,787033,2161511,-82.98507459,39.98590738,"Columbus, Ohio",272
648354,33700,Modesto,California,6,201165,551275,-121.0029219,37.63731604,"Modesto, California",273
675000,44700,Stockton,California,6,291707,793229,-121.311093,37.97657608,"Stockton, California",274
4965330,41100,St. George,Utah,49,72897,197680,-113.5769803,37.07693108,"St. George, Utah",275
5540775,29100,La Crosse,Wisconsin,55,51320,139094,-91.22674391,43.82403853,"La Crosse, Wisconsin",276
831660,24300,Grand Junction,Colorado,8,58566,158636,-108.5672562,39.08768652,"Grand Junction, Colorado",277
1682810,46300,Twin Falls,Idaho,16,44125,119007,-114.4617148,42.5647445,"Twin Falls, Idaho",278
4105800,13460,Bend,Oregon,41,76639,206549,-121.3087327,44.05617744,"Bend, Oregon",279
1822000,21780,Evansville,Indiana,18,117429,314038,-87.53407023,37.98808454,"Evansville, Indiana",280
2739878,31860,Mankato,Minnesota,27,39309,104072,-93.97732312,44.17113095,"Mankato, Minnesota",281
3722920,22180,Fayetteville,North Carolina,37,200564,529318,-78.97755449,35.08460823,"Fayetteville, North Carolina",282
4075000,46140,Tulsa,Oklahoma,40,391906,1034123,-95.90426965,36.12831963,"Tulsa, Oklahoma",283
1938595,26980,Iowa City,Iowa,19,67862,178991,-91.53035886,41.65590181,"Iowa City, Iowa",284
603526,12540,Bakersfield,California,6,347483,916108,-119.0359909,35.35293657,"Bakersfield, California",285
5522300,20740,Eau Claire,Wisconsin,55,65883,173644,-91.49507277,44.82001526,"Eau Claire, Wisconsin",286
4224000,21500,Erie,Pennsylvania,42,101786,267689,-80.07327738,42.11675854,"Erie, Pennsylvania",287
3525800,22140,Farmington,New Mexico,35,45877,120418,-108.1822965,36.75548492,"Farmington, New Mexico",288
5553000,33340,Milwaukee,Wisconsin,55,594833,1559792,-87.96720576,43.06406285,"Milwaukee, Wisconsin",289
3947138,31900,Mansfield,Ohio,39,47821,125319,-82.52748181,40.76555215,"Mansfield, Ohio",290
4202184,11020,Altoona,Pennsylvania,42,46320,121032,-78.40073627,40.50821638,"Altoona, Pennsylvania",291
1836003,26900,Indianapolis city (balance),Indiana,18,820445,2141779,-86.14576957,39.77698756,"Indianapolis city (balance), Indiana",292
645022,31460,Madera,California,6,61416,160256,-120.0802666,36.96399253,"Madera, California",293
3943554,30620,Lima,Ohio,39,38771,101115,-84.11209118,40.74094934,"Lima, Ohio",294
4101000,10540,Albany,Oregon,41,50158,130467,-123.0966041,44.62744327,"Albany, Oregon",295
5560500,36780,Oshkosh,Wisconsin,55,66083,170718,-88.56167319,44.02279835,"Oshkosh, Wisconsin",296
5537825,27500,Janesville,Wisconsin,55,63575,164060,-89.01363803,42.68549473,"Janesville, Wisconsin",297
827425,22660,Fort Collins,Colorado,8,143986,366778,-105.0651042,40.54748247,"Fort Collins, Colorado",298
2605920,12980,Battle Creek,Michigan,26,52347,133289,-85.2296527,42.29855706,"Battle Creek, Michigan",299
2044250,31740,Manhattan,Kansas,20,52281,133072,-96.60474827,39.1885047,"Manhattan, Kansas",300
4715160,17300,Clarksville,Tennessee,47,132929,336605,-87.34277588,36.56959423,"Clarksville, Tennessee",301
4055000,36420,Oklahoma City,Oklahoma,40,579999,1459380,-97.51355144,35.46753289,"Oklahoma City, Oklahoma",302
3757500,40580,Rocky Mount,North Carolina,37,57477,144090,-77.80469478,35.96756749,"Rocky Mount, North Carolina",303
666000,41740,San Diego,California,6,1307402,3276208,-117.1224699,32.83069693,"San Diego, California",304
4874144,46340,Tyler,Texas,48,96900,241922,-95.30646915,32.31837363,"Tyler, Texas",305
3476070,47220,Vineland,New Jersey,34,60724,151356,-74.99806794,39.46523937,"Vineland, New Jersey",306
5566000,39540,Racine,Wisconsin,55,78860,195846,-87.81351703,42.72739406,"Racine, Wisconsin",307
1982425,47940,Waterloo,Iowa,19,68406,167889,-92.35219123,42.49194336,"Waterloo, Iowa",308
3825700,22020,Fargo,North Dakota,38,105549,258663,-96.82917626,46.86522611,"Fargo, North Dakota",309
4123850,21660,Eugene,Oregon,41,156185,382353,-123.1172853,44.05629738,"Eugene, Oregon",310
4810768,15180,Brownsville,Texas,48,175023,425208,-97.45651898,25.99791608,"Brownsville, Texas",311
5526275,22540,Fond du Lac,Wisconsin,55,43021,103836,-88.4397125,43.77180232,"Fond du Lac, Wisconsin",312
613014,17020,Chico,California,6,86187,207303,-121.8152548,39.75747447,"Chico, California",313
3651000,35620,New York,New York,36,8175133,19617869,-73.92513312,40.69410183,"New York, New York",314
5572975,43100,Sheboygan,Wisconsin,55,49288,117841,-87.73162339,43.74029458,"Sheboygan, Wisconsin",315
3137000,36540,Omaha,Nebraska,31,408958,976671,-96.04985176,41.26278645,"Omaha, Nebraska",316
5121344,19260,Danville,Virginia,51,43055,102181,-79.40874781,36.58307739,"Danville, Virginia",317
121184,20020,Dothan,Alabama,1,65496,152517,-85.40682401,31.23347823,"Dothan, Alabama",318
3570500,42140,Santa Fe,New Mexico,35,67947,155664,-105.9820064,35.6618578,"Santa Fe, New Mexico",319
3539380,29740,Las Cruces,New Mexico,35,97618,223337,-106.7893701,32.32646478,"Las Cruces, New Mexico",320
4876000,47380,Waco,Texas,48,124805,283885,-97.18826026,31.55967852,"Waco, Texas",321
1706613,14010,Bloomington,Illinois,17,76610,171141,-88.97032033,40.47567321,"Bloomington, Illinois",322
485540,49740,Yuma,Arizona,4,93064,207842,-114.5487289,32.5989481,"Yuma, Arizona",323
3977000,45780,Toledo,Ohio,39,287208,640384,-83.58225049,41.66387531,"Toledo, Ohio",324
3974118,44220,Springfield,Ohio,39,60608,134831,-83.79573616,39.92969843,"Springfield, Ohio",325
3260600,39900,Reno,Nevada,32,225221,500915,-119.8480619,39.54955316,"Reno, Nevada",326
3807200,13900,Bismarck,North Dakota,38,61272,134846,-100.7694956,46.81394386,"Bismarck, North Dakota",327
1765000,40420,Rockford,Illinois,17,152871,335342,-89.0641316,42.25971571,"Rockford, Illinois",328
423620,22380,Flagstaff,Arizona,4,65870,144060,-111.6194962,35.18720041,"Flagstaff, Arizona",329
150000,33660,Mobile,Alabama,1,195111,426533,-88.11632397,30.67809565,"Mobile, Alabama",330
1912000,16300,Cedar Rapids,Iowa,19,126326,275592,-91.67814633,41.96669329,"Cedar Rapids, Iowa",331
1270600,45220,Tallahassee,Florida,12,181376,390992,-84.25267549,30.45500719,"Tallahassee, Florida",332
2148006,31140,Louisville/Jefferson County metro government (balance),Kentucky,21,597337,1284553,-85.6487226,38.16626962,"Louisville/Jefferson County metro government (balance), Kentucky",333
1901855,11180,Ames,Iowa,19,58965,126282,-93.62156884,42.02577189,"Ames, Iowa",334
2754880,40340,Rochester,Minnesota,27,106769,228073,-92.47782209,44.01506424,"Rochester, Minnesota",335
4652980,39660,Rapid City,South Dakota,46,67956,145159,-103.2204976,44.07157595,"Rapid City, South Dakota",336
2158620,36980,Owensboro,Kentucky,21,57265,121348,-87.11738834,37.75730703,"Owensboro, Kentucky",337
4748000,32820,Memphis,Tennessee,47,646889,1332305,-89.9774252,35.10460104,"Memphis, Tennessee",338
3728080,24780,Greenville,North Carolina,37,84554,173542,-77.3768012,35.59563208,"Greenville, North Carolina",339
627000,23420,Fresno,California,6,494665,1015190,-119.7940899,36.78303874,"Fresno, California",340
668000,41940,San Jose,California,6,945942,1938524,-121.8486315,37.30198788,"San Jose, California",341
1235000,27260,Jacksonville,Florida,12,821784,1675668,-81.67495761,30.33200216,"Jacksonville, Florida",342
477000,46060,Tucson,Arizona,4,520116,1057597,-110.8781232,32.15433374,"Tucson, Arizona",343
535710,27860,Jonesboro,Arkansas,5,67263,135512,-90.67924983,35.82107436,"Jonesboro, Arkansas",344
659920,39820,Redding,California,6,89861,180930,-122.3650179,40.56975633,"Redding, California",345
1805860,14020,Bloomington,Indiana,18,80405,161227,-86.52571609,39.16369578,"Bloomington, Indiana",346
4865000,41700,San Antonio,Texas,48,1327407,2655342,-98.52532098,29.46547451,"San Antonio, Texas",347
2915670,17860,Columbia,Missouri,29,108500,214630,-92.32557685,38.94772124,"Columbia, Missouri",348
3832060,24220,Grand Forks,North Dakota,38,52838,103144,-97.08865153,47.92204075,"Grand Forks, North Dakota",349
2270000,43340,Shreveport,Louisiana,22,199311,385154,-93.79589604,32.46588234,"Shreveport, Louisiana",350
1303440,12020,Athens-Clarke County unified government (balance),Georgia,13,115452,220405,-83.36886367,33.95080714,"Athens-Clarke County unified government (balance), Georgia",351
1301052,10500,Albany,Georgia,13,77434,145786,-84.17620754,31.57757786,"Albany, Georgia",352
4659020,43620,Sioux Falls,South Dakota,46,153888,289592,-96.73211877,43.5396284,"Sioux Falls, South Dakota",353
151000,33860,Montgomery,Alabama,1,205764,385460,-86.26659951,32.34727182,"Montgomery, Alabama",354
816000,17820,Colorado Springs,Colorado,8,416427,765424,-104.7605751,38.86728033,"Colorado Springs, Colorado",355
3006550,13740,Billings,Montana,30,104170,190208,-108.5509036,45.78885797,"Billings, Montana",356
2071000,45820,Topeka,Kansas,20,127473,231783,-95.69547241,39.03458123,"Topeka, Kansas",357
3050200,33540,Missoula,Montana,30,66788,121041,-114.0094732,46.8684521,"Missoula, Montana",358
1973335,43580,Sioux City,Iowa,19,82684,149240,-96.39001827,42.495826,"Sioux City, Iowa",359
1772000,44100,Springfield,Illinois,17,116250,206655,-89.65373101,39.77089633,"Springfield, Illinois",360
2146027,30460,Lexington-Fayette,Kentucky,21,295803,517916,-84.45865684,38.04219255,"Lexington-Fayette, Kentucky",361
650258,34900,Napa,California,6,76915,134300,-122.3010675,38.29755264,"Napa, California",362
1319000,17980,Columbus,Georgia,13,189885,324110,-84.87704731,32.50998645,"Columbus, Georgia",363
2079000,48620,Wichita,Kansas,20,382368,650039,-97.3441454,37.68967073,"Wichita, Kansas",364
5613900,16940,Cheyenne,Wyoming,56,59466,100723,-104.7926678,41.14052667,"Cheyenne, Wyoming",365
3502000,10740,Albuquerque,New Mexico,35,545852,919543,-106.6463267,35.10529558,"Albuquerque, New Mexico",366
1825000,23060,Fort Wayne,Indiana,18,253691,426076,-85.14363887,41.08846891,"Fort Wayne, Indiana",367
4853388,36220,Odessa,Texas,48,99940,160869,-102.3405941,31.88310347,"Odessa, Texas",368
1851876,34620,Muncie,Indiana,18,70085,112031,-85.39496758,40.19885883,"Muncie, Indiana",369
4848072,33260,Midland,Texas,48,111147,177216,-102.1137597,32.02481856,"Midland, Texas",370
862000,39380,Pueblo,Colorado,8,106595,169544,-104.6105882,38.27123719,"Pueblo, Colorado",371
2964550,41140,St. Joseph,Missouri,29,76780,119690,-94.82103976,39.7598271,"St. Joseph, Missouri",372
4801000,10180,Abilene,Texas,48,117063,179308,-99.73843872,32.45420356,"Abilene, Texas",373
4845000,31180,Lubbock,Texas,48,229573,328283,-101.8871891,33.56418032,"Lubbock, Texas",374
4879000,48660,Wichita Falls,Texas,48,104553,149299,-98.52902997,33.90718226,"Wichita Falls, Texas",375
4803000,11100,Amarillo,Texas,48,190695,271171,-101.8310848,35.19887289,"Amarillo, Texas",376
4817000,18580,Corpus Christi,Texas,48,305215,421628,-97.3751951,27.72606024,"Corpus Christi, Texas",377
203000,11260,Anchorage,Alaska,2,291826,400470,-149.108248,61.15055299,"Anchorage, Alaska",378
2038900,29940,Lawrence,Kansas,20,87643,119964,-95.26410415,38.95975359,"Lawrence, Kansas",379
4824000,21340,El Paso,Texas,48,649121,872195,-106.4307125,31.84772685,"El Paso, Texas",380
1718823,19500,Decatur,Illinois,17,76122,101483,-88.93366814,39.85562729,"Decatur, Illinois",381
4041850,30020,Lawton,Oklahoma,40,96867,128523,-98.42031813,34.61760125,"Lawton, Oklahoma",382
3128000,30700,Lincoln,Nebraska,31,258379,342448,-96.6796066,40.80875223,"Lincoln, Nebraska",383
4864472,41660,San Angelo,Texas,48,93200,121839,-100.4501554,31.44258683,"San Angelo, Texas",384
4841464,29700,Laredo,Texas,48,236091,267780,-99.48728262,27.56153407,"Laredo, Texas",385
